{
  "kind": "collectionType",
  "collectionName": "app_notifications",
  "info": {
    "singularName": "app-notification",
    "pluralName": "app-notifications",
    "displayName": "App Notification",
    "description": ""
  },
  "options": {
    "draftAndPublish": true
  },
  "attributes": {
    "title": {
      "type": "string"
    },
    "description": {
      "type": "text"
    },
    "isOpened": {
      "type": "boolean"
    },
    "retailerId": {
      "type": "string"
    },
    "date": {
      "type": "datetime"
    },
    "notificationType": {
      "type": "relation",
      "relation": "manyToOne",
      "target": "api::notification-type.notification-type",
      "inversedBy": "appNotifications"
    }
  }
}
