{
  "kind": "collectionType",
  "collectionName": "features",
  "info": {
    "singularName": "feature",
    "pluralName": "features",
    "displayName": "Feature",
    "description": ""
  },
  "options": {
    "draftAndPublish": true
  },
  "pluginOptions": {
    "i18n": {
      "localized": true
    }
  },
  "attributes": {
    "name": {
      "pluginOptions": {
        "i18n": {
          "localized": true
        }
      },
      "type": "string",
      "required": true
    },
    "visibleForSecondaryUser": {
      "pluginOptions": {
        "i18n": {
          "localized": true
        }
      },
      "type": "boolean",
      "required": true,
      "default": true
    },
    "logo": {
      "pluginOptions": {
        "i18n": {
          "localized": true
        }
      },
      "type": "text"
    },
    "path": {
      "pluginOptions": {
        "i18n": {
          "localized": true
        }
      },
      "type": "string"
    },
    "order": {
      "type": "integer"
    }
  }
}
