{
  "kind": "collectionType",
  "collectionName": "notification_types",
  "info": {
    "singularName": "notification-type",
    "pluralName": "notification-types",
    "displayName": "Notification Type"
  },
  "options": {
    "draftAndPublish": true
  },
  "attributes": {
    "name": {
      "type": "string"
    },
    "icon": {
      "type": "text"
    },
    "appNotifications": {
      "type": "relation",
      "relation": "oneToMany",
      "target": "api::app-notification.app-notification",
      "mappedBy": "notificationType"
    }
  }
}
