{
  "kind": "collectionType",
  "collectionName": "content_documents",
  "info": {
    "singularName": "content-document",
    "pluralName": "content-documents",
    "displayName": "Content Document",
    "description": ""
  },
  "options": {
    "draftAndPublish": true
  },
  "pluginOptions": {},
  "attributes": {
    "contentDocumentId": {
      "type": "string",
      "required": false
    },
    "title": {
      "type": "string"
    },
    "uploadedAt": {
      "type": "date"
    },
    "contentDocumentCode": {
      "type": "customField",
      "customField": "plugin::strapi-advanced-uuid.uuid"
    }
  }
}
