{
  "kind": "collectionType",
  "collectionName": "otps",
  "info": {
    "singularName": "otp",
    "pluralName": "otps",
    "displayName": "Otp",
    "description": ""
  },
  "options": {
    "draftAndPublish": false
  },
  "pluginOptions": {},
  "attributes": {
    "userId": {
      "type": "relation",
      "relation": "oneToOne",
      "target": "plugin::users-permissions.user"
    },
    "otpCode": {
      "type": "text",
      "required": true
    },
    "verifyOtpFailureCount": {
      "type": "integer",
      "default": 0
    },
    "otpExpiryTime": {
      "type": "datetime"
    },
    "verifyFailedAt": {
      "type": "datetime"
    },
    "resendOtpCount": {
      "type": "integer",
      "default": 0
    },
    "resendOtpFailedAt": {
      "type": "datetime"
    },
    "otpPurpose": {
      "type": "enumeration",
      "enum": [
        "LOGIN"
      ]
    },
    "keyEncryption": {
      "type": "text",
      "required": true
    },
    "deviceId": {
      "type": "string"
    },
    "ivString": {
      "type": "text"
    }
  }
}
