{
  "kind": "collectionType",
  "collectionName": "retailer_categories",
  "info": {
    "singularName": "retailer-category",
    "pluralName": "retailer-categories",
    "displayName": "Retailer Category",
    "description": ""
  },
  "options": {
    "draftAndPublish": true
  },
  "pluginOptions": {},
  "attributes": {
    "categoryId": {
      "type": "string"
    },
    "dmsType": {
      "type": "enumeration",
      "enum": ["DMS", "Non-DMS"]
    },
    "dmsVerified": {
      "type": "string"
    },
    "salesVerified": {
      "type": "string"
    },
    "relation": {
      "type": "enumeration",
      "enum": [
        "B2C",
        "Canteen - CPC",
        "Canteen - CSD",
        "Canteen - INCS",
        "Canteen - TNPC",
        "Canteen - Other",
        "Consignment Agent",
        "Institution",
        "Modern Retail",
        "Sub Dealer",
        "DMA",
        "Target Customer",
        "Retail Dealer",
        "Direct Consumer",
        "Direct Dealer",
        "Distributor",
        "Employee",
        "Export Customer",
        "Plant Customer",
        "State Police",
        "Service Franchise",
        "e-Brand Store",
        "NCC Group Canteens",
        "Non CPC",
        "Non CSD",
        "System Integrators",
        "EPC developers",
        "Direct Dealers",
        "UBS Customer",
        "GeM Customer",
        "Retailer"
      ]
    },
    "retailerId": {
      "type": "relation",
      "relation": "oneToOne",
      "target": "api::primaryuser.primaryuser"
    },
    "retailerPartnerId": {
      "type": "string"
    },
    "invoiceDate": {
      "type": "date"
    },
    "sapActive": {
      "type": "boolean",
      "default": false
    },
    "categoryRetailerId": {
      "type": "string"
    }
  }
}
