{
  "kind": "collectionType",
  "collectionName": "secondary_scheme_slabs",
  "info": {
    "singularName": "secondary-scheme-slab",
    "pluralName": "secondary-scheme-slabs",
    "displayName": "Secondary Scheme Slab",
    "description": ""
  },
  "options": {
    "draftAndPublish": true
  },
  "pluginOptions": {},
  "attributes": {
    "secondarySchemeSlabId": {
      "type": "string"
    },
    "scheme": {
      "type": "string"
    },
    "secondarySchemeSlabCode": {
      "type": "customField",
      "customField": "plugin::strapi-advanced-uuid.uuid"
    },
    "slabNumber": {
      "type": "string"
    },
    "slabThresholdFrom": {
      "type": "integer"
    },
    "slabThresholdTo": {
      "type": "integer"
    },
    "schemeReward": {
      "type": "string"
    },
    "description": {
      "type": "string"
    },
    "discount": {
      "type": "string"
    },
    "focName": {
      "type": "string"
    },
    "rewardType": {
      "type": "string"
    },
    "secondaryScheme": {
      "type": "relation",
      "relation": "manyToOne",
      "target": "api::secondary-scheme.secondary-scheme",
      "inversedBy": "secondarySchemeSlabs"
    },
    "slabCriteriaUOM": {
      "type": "string"
    },
    "rewardUnit": {
      "type": "integer"
    },
    "rewardToBeEarned": {
      "type": "string"
    }
  }
}
