{
  "/retailer-categories/categoryNames": {
    "get": {
      "responses": {
        "200": {
          "description": "OK",
          "content": {
            "application/json": {
              "schema": {
                "$ref": "#/components/schemas/RetailerCategoryResponse"
              }
            }
          }
        },
        "400": {
          "description": "Bad Request",
          "content": {
            "application/json": {
              "schema": {
                "$ref": "#/components/schemas/Error"
              }
            }
          }
        },
        "401": {
          "description": "Unauthorized",
          "content": {
            "application/json": {
              "schema": {
                "$ref": "#/components/schemas/Error"
              }
            }
          }
        },
        "403": {
          "description": "Forbidden",
          "content": {
            "application/json": {
              "schema": {
                "$ref": "#/components/schemas/Error"
              }
            }
          }
        },
        "404": {
          "description": "Not Found",
          "content": {
            "application/json": {
              "schema": {
                "$ref": "#/components/schemas/Error"
              }
            }
          }
        },
        "500": {
          "description": "Internal Server Error",
          "content": {
            "application/json": {
              "schema": {
                "$ref": "#/components/schemas/Error"
              }
            }
          }
        }
      },
      "tags": [
        "Retailer-category"
      ],
      "parameters": [],
      "operationId": "get/retailer-categories/categoryNames"
    }
  }
}
