{
  "kind": "collectionType",
  "collectionName": "supports",
  "info": {
    "singularName": "support",
    "pluralName": "supports",
    "displayName": "Support",
    "description": ""
  },
  "options": {
    "draftAndPublish": true
  },
  "pluginOptions": {},
  "attributes": {
    "retailerId": {
      "type": "string"
    },
    "supportType": {
      "type": "enumeration",
      "enum": [
        "Product related",
        "Channel related",
        "Complaint",
        "Others"
      ],
      "required": true
    },
    "subType": {
      "type": "enumeration",
      "enum": [
        "Add product category",
        "Product Feedback",
        "Marketing/BTL",
        "Product complaint",
        "General complaint",
        "Distributor complaint",
        "Sales person complaint",
        "NA"
      ],
      "required": false
    },
    "origin": {
      "type": "enumeration",
      "enum": [
        "Retailer App",
        "LAS App"
      ]
    },
    "productCategory": {
      "type": "string",
      "required": false
    },
    "comments": {
      "type": "string"
    },
    "marketMaterialType": {
      "type": "enumeration",
      "enum": [
        "Dealer boards",
        "In shop boards",
        "Product display",
        "Dummy display",
        "Poster",
        "Banner",
        "Dangler",
        "Leaflets",
        "Brochure",
        "Nukkad meets"
      ],
      "required": true
    },
    "ticketStatus": {
      "type": "enumeration",
      "enum": [
        "New",
        "Working",
        "Merged",
        "Pending",
        "Resolved",
        "Success",
        "Failed",
        "null"
      ]
    },
    "ticketId": {
      "type": "string"
    },
    "remarks": {
      "type": "string"
    },
    "ticketCreatedDate": {
      "type": "date"
    },
    "supportCode": {
      "type": "customField",
      "customField": "plugin::strapi-advanced-uuid.uuid"
    }
  }
}
