{
  "kind": "collectionType",
  "collectionName": "secondary_scheme_products",
  "info": {
    "singularName": "secondary-scheme-product",
    "pluralName": "secondary-scheme-products",
    "displayName": "Secondary Scheme Products",
    "description": ""
  },
  "options": {
    "draftAndPublish": true
  },
  "pluginOptions": {},
  "attributes": {
    "secondarySchemeProductsId": {
      "type": "string"
    },
    "secondarySchemeProductsCode": {
      "type": "customField",
      "customField": "plugin::strapi-advanced-uuid.uuid"
    },
    "skuproduct": {
      "type": "relation",
      "relation": "manyToOne",
      "target": "api::skuproduct.skuproduct",
      "inversedBy": "skuProductId"
    },
    "secondaryScheme": {
      "type": "relation",
      "relation": "manyToOne",
      "target": "api::secondary-scheme.secondary-scheme",
      "inversedBy": "secondarySchemeProducts"
    },
    "skuProduct": {
      "type": "string"
    }
  }
}
