{
  "kind": "collectionType",
  "collectionName": "categories",
  "info": {
    "singularName": "category",
    "pluralName": "categories",
    "displayName": "Categories",
    "description": ""
  },
  "options": {
    "draftAndPublish": true
  },
  "pluginOptions": {},
  "attributes": {
    "categoryCode": {
      "type": "customField",
      "customField": "plugin::strapi-advanced-uuid.uuid"
    },
    "categoryId": {
      "type": "string",
      "required": true
    },
    "categoryName": {
      "type": "string",
      "required": true
    },
    "sapDivisionCode": {
      "type": "string"
    },
    "subCategories": {
      "type": "relation",
      "relation": "oneToMany",
      "target": "api::sub-category.sub-category",
      "mappedBy": "category"
    },
    "logo": {
      "type": "text"
    }
  }
}
