{
  "kind": "collectionType",
  "collectionName": "area_masters",
  "info": {
    "singularName": "area-master",
    "pluralName": "area-masters",
    "displayName": "Area Master",
    "description": ""
  },
  "options": {
    "draftAndPublish": true
  },
  "pluginOptions": {},
  "attributes": {
    "pincode": {
      "type": "string",
      "required": true
    },
    "district": {
      "type": "string",
      "required": true
    },
    "state": {
      "type": "string",
      "required": true
    },
    "area": {
      "type": "string",
      "required": true
    },
    "country": {
      "type": "string",
      "required": true
    },
    "displayName": {
      "type": "string"
    },
    "externalId": {
      "type": "string"
    },
    "name": {
      "type": "string"
    },
    "salesOffice": {
      "type": "string"
    },
    "zone": {
      "type": "string",
      "required": true
    },
    "areaMasterId": {
      "type": "string"
    }
  }
}
