{
  "kind": "collectionType",
  "collectionName": "skuproducts",
  "info": {
    "singularName": "skuproduct",
    "pluralName": "skuproducts",
    "displayName": "Sku Product",
    "description": ""
  },
  "options": {
    "draftAndPublish": true
  },
  "pluginOptions": {},
  "attributes": {
    "seriesDescription": {
      "type": "string"
    },
    "categoryName": {
      "type": "string"
    },
    "skuProductCode": {
      "type": "customField",
      "customField": "plugin::strapi-advanced-uuid.uuid"
    },
    "seriesCode": {
      "type": "integer"
    },
    "categoryId": {
      "type": "string"
    },
    "subCategoryId": {
      "type": "string"
    },
    "skuProductId": {
      "type": "relation",
      "relation": "oneToMany",
      "target": "api::secondary-scheme-product.secondary-scheme-product",
      "mappedBy": "skuproduct"
    },
    "skuProduct": {
      "type": "string"
    },
    "skuProductName": {
      "type": "string"
    }
  }
}
