{
  "kind": "collectionType",
  "collectionName": "sales_user_categories",
  "info": {
    "singularName": "sales-user-category",
    "pluralName": "sales-user-categories",
    "displayName": "Sales User Category",
    "description": ""
  },
  "options": {
    "draftAndPublish": true
  },
  "attributes": {
    "salesUserCategoryCode": {
      "type": "customField",
      "customField": "plugin::strapi-advanced-uuid.uuid"
    },
    "categoryId": {
      "type": "string"
    },
    "salesUserId": {
      "type": "string"
    }
  }
}
