{
  "/support/details": {
    "get": {
      "responses": {
        "200": {
          "description": "OK",
          "content": {
            "application/json": {
              "schema": {
                "$ref": "#/components/schemas/SupportResponse"
              }
            }
          }
        },
        "400": {
          "description": "Bad Request",
          "content": {
            "application/json": {
              "schema": {
                "$ref": "#/components/schemas/Error"
              }
            }
          }
        },
        "401": {
          "description": "Unauthorized",
          "content": {
            "application/json": {
              "schema": {
                "$ref": "#/components/schemas/Error"
              }
            }
          }
        },
        "403": {
          "description": "Forbidden",
          "content": {
            "application/json": {
              "schema": {
                "$ref": "#/components/schemas/Error"
              }
            }
          }
        },
        "404": {
          "description": "Not Found",
          "content": {
            "application/json": {
              "schema": {
                "$ref": "#/components/schemas/Error"
              }
            }
          }
        },
        "500": {
          "description": "Internal Server Error",
          "content": {
            "application/json": {
              "schema": {
                "$ref": "#/components/schemas/Error"
              }
            }
          }
        }
      },
      "tags": [
        "Support"
      ],
      "parameters": [],
      "operationId": "get/support/details"
    }
  },
  "/support/raise-ticket": {
    "post": {
      "responses": {
        "200": {
          "description": "OK",
          "content": {
            "application/json": {
              "schema": {
                "$ref": "#/components/schemas/SupportResponse"
              }
            }
          }
        },
        "400": {
          "description": "Bad Request",
          "content": {
            "application/json": {
              "schema": {
                "$ref": "#/components/schemas/Error"
              }
            }
          }
        },
        "401": {
          "description": "Unauthorized",
          "content": {
            "application/json": {
              "schema": {
                "$ref": "#/components/schemas/Error"
              }
            }
          }
        },
        "403": {
          "description": "Forbidden",
          "content": {
            "application/json": {
              "schema": {
                "$ref": "#/components/schemas/Error"
              }
            }
          }
        },
        "404": {
          "description": "Not Found",
          "content": {
            "application/json": {
              "schema": {
                "$ref": "#/components/schemas/Error"
              }
            }
          }
        },
        "500": {
          "description": "Internal Server Error",
          "content": {
            "application/json": {
              "schema": {
                "$ref": "#/components/schemas/Error"
              }
            }
          }
        }
      },
      "tags": [
        "Support"
      ],
      "parameters": [],
      "operationId": "post/support/raise-ticket",
      "requestBody": {
        "required": true,
        "content": {
          "application/json": {
            "schema": {
              "$ref": "#/components/schemas/SupportRequest"
            }
          }
        }
      }
    }
  },
  "/support/ticket-history": {
    "post": {
      "responses": {
        "200": {
          "description": "OK",
          "content": {
            "application/json": {
              "schema": {
                "$ref": "#/components/schemas/SupportResponse"
              }
            }
          }
        },
        "400": {
          "description": "Bad Request",
          "content": {
            "application/json": {
              "schema": {
                "$ref": "#/components/schemas/Error"
              }
            }
          }
        },
        "401": {
          "description": "Unauthorized",
          "content": {
            "application/json": {
              "schema": {
                "$ref": "#/components/schemas/Error"
              }
            }
          }
        },
        "403": {
          "description": "Forbidden",
          "content": {
            "application/json": {
              "schema": {
                "$ref": "#/components/schemas/Error"
              }
            }
          }
        },
        "404": {
          "description": "Not Found",
          "content": {
            "application/json": {
              "schema": {
                "$ref": "#/components/schemas/Error"
              }
            }
          }
        },
        "500": {
          "description": "Internal Server Error",
          "content": {
            "application/json": {
              "schema": {
                "$ref": "#/components/schemas/Error"
              }
            }
          }
        }
      },
      "tags": [
        "Support"
      ],
      "parameters": [],
      "operationId": "post/support/ticket-history",
      "requestBody": {
        "required": true,
        "content": {
          "application/json": {
            "schema": {
              "$ref": "#/components/schemas/SupportRequest"
            }
          }
        }
      }
    }
  }
}
