{
  "kind": "collectionType",
  "collectionName": "secondary_schemes",
  "info": {
    "singularName": "secondary-scheme",
    "pluralName": "secondary-schemes",
    "displayName": "Secondary Schemes",
    "description": ""
  },
  "options": {
    "draftAndPublish": true
  },
  "pluginOptions": {},
  "attributes": {
    "secondarySchemeId": {
      "type": "string"
    },
    "name": {
      "type": "string"
    },
    "targetActivationDate": {
      "type": "date"
    },
    "endDate": {
      "type": "date"
    },
    "status": {
      "type": "string"
    },
    "schemeType": {
      "type": "string"
    },
    "secondarySchemeCode": {
      "type": "customField",
      "customField": "plugin::strapi-advanced-uuid.uuid"
    },
    "secondarySchemeSlabs": {
      "type": "relation",
      "relation": "oneToMany",
      "target": "api::secondary-scheme-slab.secondary-scheme-slab",
      "mappedBy": "secondaryScheme"
    },
    "secondarySchemeProducts": {
      "type": "relation",
      "relation": "oneToMany",
      "target": "api::secondary-scheme-product.secondary-scheme-product",
      "mappedBy": "secondaryScheme"
    },
    "secondarySchemeMemberships": {
      "type": "relation",
      "relation": "oneToMany",
      "target": "api::secondary-scheme-membership.secondary-scheme-membership",
      "mappedBy": "schemeId"
    },
    "termsAndConditions": {
      "type": "blocks"
    }
  }
}
