{
  "kind": "collectionType",
  "collectionName": "notifications",
  "info": {
    "singularName": "notification",
    "pluralName": "notifications",
    "displayName": "Notification",
    "description": ""
  },
  "options": {
    "draftAndPublish": false
  },
  "attributes": {
    "jobId": {
      "type": "string",
      "required": false
    },
    "type": {
      "type": "enumeration",
      "required": true,
      "enum": [
        "Push Notification",
        "InApp Notification",
        "SMS",
        "Email"
      ]
    },
    "link": {
      "type": "string"
    },
    "icon": {
      "type": "string"
    },
    "to": {
      "type": "string",
      "required": true
    },
    "title": {
      "type": "string"
    },
    "message": {
      "type": "text",
      "required": true
    },
    "start": {
      "type": "datetime",
      "required": true
    },
    "end": {
      "type": "datetime"
    },
    "repeat": {
      "type": "enumeration",
      "required": true,
      "enum": [
        "None",
        "Monthly",
        "Weekly",
        "Yearly"
      ]
    },
    "hasEnding": {
      "type": "boolean",
      "default": false
    },
    "retailerId": {
      "type": "string"
    }
  }
}
