{
  "kind": "collectionType",
  "collectionName": "product_display_price_lists",
  "info": {
    "singularName": "product-display-price-list",
    "pluralName": "product-display-price-lists",
    "displayName": "Product Display Price List",
    "description": ""
  },
  "options": {
    "draftAndPublish": true
  },
  "attributes": {
    "productDisplayPriceListCode": {
      "type": "customField",
      "customField": "plugin::strapi-advanced-uuid.uuid"
    },
    "productDisplayPriceListId": {
      "type": "string"
    },
    "documentType": {
      "type": "enumeration",
      "enum": [
        "Product training",
        "Product flyer",
        "Product scheme",
        "Product brochure",
        "Product demo",
        "Product Ad",
        "Product price list book"
      ]
    },
    "communicationStartDate": {
      "type": "date"
    },
    "communicationEndDate": {
      "type": "date"
    },
    "description": {
      "type": "string"
    },
    "uploadDocumentLink": {
      "type": "string"
    },
    "youtubeTitle": {
      "type": "string"
    },
    "youtubeLink": {
      "type": "string"
    },
    "youtubeCreatedAt": {
      "type": "date"
    },
    "categoryId": {
      "type": "string"
    },
    "subCategoryId": {
      "type": "string"
    },
    "skuProduct": {
      "type": "string"
    },
    "zone": {
      "type": "string"
    },
    "district": {
      "type": "string"
    },
    "salesOffice": {
      "type": "string"
    }
  }
}
