{
  "kind": "collectionType",
  "collectionName": "app_labels",
  "info": {
    "singularName": "app-label",
    "pluralName": "app-labels",
    "displayName": "App Label",
    "description": ""
  },
  "options": {
    "draftAndPublish": true
  },
  "pluginOptions": {
    "i18n": {
      "localized": true
    }
  },
  "attributes": {
    "key": {
      "type": "string",
      "required": true,
      "pluginOptions": {
        "i18n": {
          "localized": false
        }
      }
    },
    "label": {
      "type": "string",
      "required": true,
      "pluginOptions": {
        "i18n": {
          "localized": true
        }
      }
    },
    "dynamicText": {
      "type": "string",
      "pluginOptions": {
        "i18n": {
          "localized": true
        }
      }
    },
    "appLabelCode": {
      "type": "customField",
      "customField": "plugin::strapi-advanced-uuid.uuid"
    }
  }
}
