{
  "kind": "collectionType",
  "collectionName": "secondary_scheme_memberships",
  "info": {
    "singularName": "secondary-scheme-membership",
    "pluralName": "secondary-scheme-memberships",
    "displayName": "Secondary Scheme Membership",
    "description": ""
  },
  "options": {
    "draftAndPublish": true
  },
  "pluginOptions": {},
  "attributes": {
    "retailerId": {
      "type": "string"
    },
    "secondarySchemeMembershipCode": {
      "type": "customField",
      "customField": "plugin::strapi-advanced-uuid.uuid"
    },
    "schemeMember": {
      "type": "relation",
      "relation": "manyToOne",
      "target": "api::primaryuser.primaryuser",
      "inversedBy": "secondarySchemeMemberships"
    },
    "schemeId": {
      "type": "relation",
      "relation": "manyToOne",
      "target": "api::secondary-scheme.secondary-scheme",
      "inversedBy": "secondarySchemeMemberships"
    },
    "secondarySchemeId": {
      "type": "string"
    }
  }
}
