{
  "kind": "collectionType",
  "collectionName": "secondaryusers",
  "info": {
    "singularName": "secondaryuser",
    "pluralName": "secondaryusers",
    "displayName": "Secondaryuser",
    "description": ""
  },
  "options": {
    "draftAndPublish": true
  },
  "pluginOptions": {},
  "attributes": {
    "name": {
      "type": "string",
      "required": true
    },
    "mobileNumber": {
      "type": "string",
      "required": true,
      "unique": true
    },
    "profilePhoto": {
      "type": "text"
    },
    "invitationDate": {
      "type": "string"
    },
    "activationStatus": {
      "type": "enumeration",
      "enum": [
        "Not yet invited",
        "Invitation triggered",
        "Invitation sent",
        "Logged in",
        "First scan completed"
      ],
      "default": "Not yet invited"
    },
    "userId": {
      "type": "relation",
      "relation": "oneToOne",
      "target": "plugin::users-permissions.user"
    },
    "parentId": {
      "type": "relation",
      "relation": "oneToOne",
      "target": "api::primaryuser.primaryuser"
    },
    "isDeleted": {
      "type": "boolean",
      "default": false
    }
  }
}
