{
  "/secondary-schemes": {
    "post": {
      "responses": {
        "200": {
          "description": "OK",
          "content": {
            "application/json": {
              "schema": {
                "$ref": "#/components/schemas/SecondarySchemeResponse"
              }
            }
          }
        },
        "400": {
          "description": "Bad Request",
          "content": {
            "application/json": {
              "schema": {
                "$ref": "#/components/schemas/Error"
              }
            }
          }
        },
        "401": {
          "description": "Unauthorized",
          "content": {
            "application/json": {
              "schema": {
                "$ref": "#/components/schemas/Error"
              }
            }
          }
        },
        "403": {
          "description": "Forbidden",
          "content": {
            "application/json": {
              "schema": {
                "$ref": "#/components/schemas/Error"
              }
            }
          }
        },
        "404": {
          "description": "Not Found",
          "content": {
            "application/json": {
              "schema": {
                "$ref": "#/components/schemas/Error"
              }
            }
          }
        },
        "500": {
          "description": "Internal Server Error",
          "content": {
            "application/json": {
              "schema": {
                "$ref": "#/components/schemas/Error"
              }
            }
          }
        }
      },
      "tags": [
        "Secondary-scheme"
      ],
      "parameters": [],
      "operationId": "post/secondary-schemes",
      "requestBody": {
        "required": true,
        "content": {
          "application/json": {
            "schema": {
              "$ref": "#/components/schemas/SecondarySchemeRequest"
            }
          }
        }
      }
    }
  },
  "/secondary-schemes/detail/{schemeId}": {
    "get": {
      "responses": {
        "200": {
          "description": "OK",
          "content": {
            "application/json": {
              "schema": {
                "$ref": "#/components/schemas/SecondarySchemeResponse"
              }
            }
          }
        },
        "400": {
          "description": "Bad Request",
          "content": {
            "application/json": {
              "schema": {
                "$ref": "#/components/schemas/Error"
              }
            }
          }
        },
        "401": {
          "description": "Unauthorized",
          "content": {
            "application/json": {
              "schema": {
                "$ref": "#/components/schemas/Error"
              }
            }
          }
        },
        "403": {
          "description": "Forbidden",
          "content": {
            "application/json": {
              "schema": {
                "$ref": "#/components/schemas/Error"
              }
            }
          }
        },
        "404": {
          "description": "Not Found",
          "content": {
            "application/json": {
              "schema": {
                "$ref": "#/components/schemas/Error"
              }
            }
          }
        },
        "500": {
          "description": "Internal Server Error",
          "content": {
            "application/json": {
              "schema": {
                "$ref": "#/components/schemas/Error"
              }
            }
          }
        }
      },
      "tags": [
        "Secondary-scheme"
      ],
      "parameters": [
        {
          "name": "schemeId",
          "in": "path",
          "description": "",
          "deprecated": false,
          "required": true,
          "schema": {
            "type": "number"
          }
        }
      ],
      "operationId": "get/secondary-schemes/detail/{schemeId}"
    }
  },
  "/secondary-schemes/filters": {
    "get": {
      "responses": {
        "200": {
          "description": "OK",
          "content": {
            "application/json": {
              "schema": {
                "$ref": "#/components/schemas/SecondarySchemeResponse"
              }
            }
          }
        },
        "400": {
          "description": "Bad Request",
          "content": {
            "application/json": {
              "schema": {
                "$ref": "#/components/schemas/Error"
              }
            }
          }
        },
        "401": {
          "description": "Unauthorized",
          "content": {
            "application/json": {
              "schema": {
                "$ref": "#/components/schemas/Error"
              }
            }
          }
        },
        "403": {
          "description": "Forbidden",
          "content": {
            "application/json": {
              "schema": {
                "$ref": "#/components/schemas/Error"
              }
            }
          }
        },
        "404": {
          "description": "Not Found",
          "content": {
            "application/json": {
              "schema": {
                "$ref": "#/components/schemas/Error"
              }
            }
          }
        },
        "500": {
          "description": "Internal Server Error",
          "content": {
            "application/json": {
              "schema": {
                "$ref": "#/components/schemas/Error"
              }
            }
          }
        }
      },
      "tags": [
        "Secondary-scheme"
      ],
      "parameters": [],
      "operationId": "get/secondary-schemes/filters"
    }
  },
  "/secondary-schemes/scheme-download": {
    "get": {
      "responses": {
        "200": {
          "description": "OK",
          "content": {
            "application/json": {
              "schema": {
                "$ref": "#/components/schemas/SecondarySchemeResponse"
              }
            }
          }
        },
        "400": {
          "description": "Bad Request",
          "content": {
            "application/json": {
              "schema": {
                "$ref": "#/components/schemas/Error"
              }
            }
          }
        },
        "401": {
          "description": "Unauthorized",
          "content": {
            "application/json": {
              "schema": {
                "$ref": "#/components/schemas/Error"
              }
            }
          }
        },
        "403": {
          "description": "Forbidden",
          "content": {
            "application/json": {
              "schema": {
                "$ref": "#/components/schemas/Error"
              }
            }
          }
        },
        "404": {
          "description": "Not Found",
          "content": {
            "application/json": {
              "schema": {
                "$ref": "#/components/schemas/Error"
              }
            }
          }
        },
        "500": {
          "description": "Internal Server Error",
          "content": {
            "application/json": {
              "schema": {
                "$ref": "#/components/schemas/Error"
              }
            }
          }
        }
      },
      "tags": [
        "Secondary-scheme"
      ],
      "parameters": [],
      "operationId": "get/secondary-schemes/scheme-download"
    }
  },
  "/secondary-schemes/tnc": {
    "get": {
      "responses": {
        "200": {
          "description": "OK",
          "content": {
            "application/json": {
              "schema": {
                "$ref": "#/components/schemas/SecondarySchemeResponse"
              }
            }
          }
        },
        "400": {
          "description": "Bad Request",
          "content": {
            "application/json": {
              "schema": {
                "$ref": "#/components/schemas/Error"
              }
            }
          }
        },
        "401": {
          "description": "Unauthorized",
          "content": {
            "application/json": {
              "schema": {
                "$ref": "#/components/schemas/Error"
              }
            }
          }
        },
        "403": {
          "description": "Forbidden",
          "content": {
            "application/json": {
              "schema": {
                "$ref": "#/components/schemas/Error"
              }
            }
          }
        },
        "404": {
          "description": "Not Found",
          "content": {
            "application/json": {
              "schema": {
                "$ref": "#/components/schemas/Error"
              }
            }
          }
        },
        "500": {
          "description": "Internal Server Error",
          "content": {
            "application/json": {
              "schema": {
                "$ref": "#/components/schemas/Error"
              }
            }
          }
        }
      },
      "tags": [
        "Secondary-scheme"
      ],
      "parameters": [],
      "operationId": "get/secondary-schemes/tnc"
    }
  }
}
