{
  "kind": "collectionType",
  "collectionName": "sub_categories",
  "info": {
    "singularName": "sub-category",
    "pluralName": "sub-categories",
    "displayName": "Sub Categories",
    "description": ""
  },
  "options": {
    "draftAndPublish": true
  },
  "pluginOptions": {},
  "attributes": {
    "subCategoryCode": {
      "type": "customField",
      "customField": "plugin::strapi-advanced-uuid.uuid"
    },
    "subCategoryId": {
      "type": "string",
      "required": true
    },
    "subCategoryName": {
      "type": "string",
      "required": true
    },
    "categoryId": {
      "type": "string",
      "required": true
    },
    "category": {
      "type": "relation",
      "relation": "manyToOne",
      "target": "api::category.category",
      "inversedBy": "subCategories"
    }
  }
}
