{
  "kind": "collectionType",
  "collectionName": "content_versions",
  "info": {
    "singularName": "content-version",
    "pluralName": "content-versions",
    "displayName": "Content Version"
  },
  "options": {
    "draftAndPublish": true
  },
  "attributes": {
    "contentVersionCode": {
      "type": "customField",
      "customField": "plugin::strapi-advanced-uuid.uuid"
    },
    "contentDocumentId": {
      "type": "string"
    },
    "contentUrl": {
      "type": "string"
    },
    "versionData": {
      "type": "text"
    }
  }
}
