{
  "kind": "collectionType",
  "collectionName": "primaryusers",
  "info": {
    "singularName": "primaryuser",
    "pluralName": "primaryusers",
    "displayName": "Primaryuser",
    "description": ""
  },
  "options": {
    "draftAndPublish": true
  },
  "pluginOptions": {},
  "attributes": {
    "retailerName": {
      "type": "string",
      "required": false,
      "maxLength": 40
    },
    "retailerId": {
      "type": "string",
      "required": true
    },
    "mobileNumber": {
      "type": "string",
      "required": true
    },
    "email": {
      "type": "email",
      "minLength": 6,
      "required": true
    },
    "alternateMobileNo": {
      "type": "string",
      "required": false
    },
    "loggedInDate": {
      "type": "string"
    },
    "invitationDate": {
      "type": "string"
    },
    "activationStatus": {
      "type": "enumeration",
      "enum": [
        "Not yet invited",
        "Invitation triggered",
        "Invitation sent",
        "Logged in",
        "First scan completed"
      ],
      "default": "Not yet invited"
    },
    "blockStatus": {
      "type": "enumeration",
      "enum": [
        "Active",
        "Scan block",
        "Redemption block ",
        "Profile block"
      ],
      "default": "Active"
    },
    "dateOfBirth": {
      "type": "string",
      "required": false
    },
    "gender": {
      "type": "string",
      "required": false
    },
    "maritalStatus": {
      "type": "string"
    },
    "marriageAnniversary": {
      "type": "string"
    },
    "profilePhoto": {
      "type": "text",
      "required": false
    },
    "salespersonName": {
      "type": "string"
    },
    "salespersonPhoneNumber": {
      "type": "string"
    },
    "storeName": {
      "type": "string"
    },
    "storeAddressLine1": {
      "type": "text"
    },
    "storeAddressLine2": {
      "type": "text"
    },
    "landmark": {
      "type": "string"
    },
    "pincode": {
      "type": "string"
    },
    "city": {
      "type": "string"
    },
    "district": {
      "type": "string"
    },
    "state": {
      "type": "string"
    },
    "gstIn": {
      "type": "enumeration",
      "enum": [
        "Yes",
        "No"
      ],
      "default": "Yes"
    },
    "gstStatus": {
      "type": "string"
    },
    "bussinessPanCardNo": {
      "type": "string"
    },
    "aadharNumber": {
      "type": "string",
      "maxLength": 16
    },
    "accountNumber": {
      "type": "string",
      "maxLength": 40
    },
    "accountHolderName": {
      "type": "string",
      "maxLength": 255
    },
    "bankName": {
      "type": "string"
    },
    "ifscCode": {
      "type": "string"
    },
    "partnerName": {
      "type": "string"
    },
    "userId": {
      "type": "relation",
      "relation": "oneToOne",
      "target": "plugin::users-permissions.user"
    },
    "secondarySchemeMemberships": {
      "type": "relation",
      "relation": "oneToMany",
      "target": "api::secondary-scheme-membership.secondary-scheme-membership",
      "mappedBy": "schemeMember"
    },
    "areaMasterId": {
      "type": "string"
    },
    "storeAnniversary": {
      "type": "string"
    }
  }
}
