{
  "kind": "collectionType",
  "collectionName": "user_devices",
  "info": {
    "singularName": "user-device",
    "pluralName": "user-devices",
    "displayName": "User Devices",
    "description": ""
  },
  "options": {
    "draftAndPublish": false
  },
  "attributes": {
    "deviceId": {
      "type": "string",
      "required": true,
      "unique": true
    },
    "fcmToken": {
      "type": "string",
      "unique": false
    },
    "platform": {
      "type": "enumeration",
      "enum": [
        "android",
        "ios"
      ]
    },
    "currentVersion": {
      "type": "string"
    },
    "latestVersion": {
      "type": "string"
    },
    "retailerId": {
      "type": "string"
    }
  }
}
