{
  "kind": "collectionType",
  "collectionName": "leads",
  "info": {
    "singularName": "lead",
    "pluralName": "leads",
    "displayName": "Leads",
    "description": ""
  },
  "options": {
    "draftAndPublish": true
  },
  "pluginOptions": {},
  "attributes": {
    "leadCode": {
      "type": "customField",
      "customField": "plugin::strapi-advanced-uuid.uuid"
    },
    "leadId": {
      "type": "string",
      "required": false,
      "unique": true
    },
    "name": {
      "type": "string",
      "required": true
    },
    "email": {
      "type": "email",
      "required": true
    },
    "mobileNumber": {
      "type": "string",
      "required": true
    },
    "leadType": {
      "type": "enumeration",
      "enum": [
        "Channel",
        "Institutional",
        "B2C"
      ],
      "required": true
    },
    "leadTypeId": {
      "type": "string"
    },
    "pincode": {
      "type": "string",
      "required": true
    },
    "district": {
      "type": "string"
    },
    "salesOffice": {
      "type": "string"
    },
    "state": {
      "type": "string"
    },
    "zone": {
      "type": "string"
    },
    "country": {
      "type": "string"
    },
    "leadSource": {
      "type": "enumeration",
      "enum": [
        "Call Center",
        "Dealer",
        "Digital Aggregator",
        "Employee",
        "E-Tender",
        "Exhibition",
        "Influencer",
        "Marketing Activity",
        "News Paper Ad",
        "Other",
        "Social Media",
        "Website",
        "RUM",
        "Microsite",
        "Microsites",
        "Lead-Microsite",
        "Customer Portal",
        "LAS",
        "Retailer"
      ]
    },
    "referredBy": {
      "type": "string"
    },
    "installationDate": {
      "type": "date"
    },
    "followUpDate": {
      "type": "date"
    },
    "roofType": {
      "type": "string"
    },
    "shadeFreeRoofArea": {
      "type": "string"
    },
    "avgMonthlyElectricityBill": {
      "type": "decimal"
    },
    "enquiryOver10kw": {
      "type": "enumeration",
      "enum": [
        "Yes",
        "No"
      ]
    },
    "total": {
      "type": "decimal"
    },
    "creatorId": {
      "type": "string"
    },
    "associatedId": {
      "type": "string"
    },
    "status": {
      "type": "enumeration",
      "enum": [
        "New",
        "Assigned to call center",
        "Closed",
        "Qualified",
        "Partner assigned",
        "Assigned back to call center"
      ]
    },
    "subStatus": {
      "type": "enumeration",
      "enum": [
        "Unreachable",
        "New lead",
        "No answer",
        "Switched off",
        "Purchase later",
        "Enquiry/Other category",
        "Junk",
        "Duplicate",
        "Awaiting partner assignment",
        "New lead assigned",
        "Lead accepted",
        "Catalogue shared",
        "Not convertible",
        "Customer feedback",
        "Partner feedback valid",
        "Partner feedback invalid",
        "Site survey",
        "Site not ready (construction)",
        "Site ready",
        "Water testing (SWH)",
        "Quotation",
        "Distribution co approval SPS",
        "Product installed",
        "Distribution co inspection SPS",
        "Commissioning (SPS and SWH)",
        "Converted",
        "Invalid sale",
        "Invalid sale confirmed",
        "Converted and verified",
        "Junk / Not relevant",
        "Await partner reassignment",
        "Lead not accepted",
        "Lead rejected",
        "Awaiting assignment by PIC"
      ]
    },
    "subStatusId": {
      "type": "integer"
    },
    "subStatus2": {
      "type": "enumeration",
      "enum": [
        "Need to reassign lead",
        "Product gap",
        "Price",
        "No requirement",
        "Installation challenges",
        "Purchased competitor brand",
        "Purchase other VG brand",
        "Others",
        "No purchase",
        "Feedback pending",
        "Feedback pending and closed",
        "Feedback collected and closed",
        "Feedback awaiting due date",
        "Water testing failed",
        "Non-availabilty",
        "Rejected by Distribution co.",
        "Other (with a comment box)"
      ]
    },
    "comment": {
      "type": "text"
    },
    "receivedOn": {
      "type": "date"
    },
    "areaMasterId": {
      "type": "string"
    }
  }
}
