{
  "kind": "collectionType",
  "collectionName": "content_document_links",
  "info": {
    "singularName": "content-document-link",
    "pluralName": "content-document-links",
    "displayName": "Content Document Link",
    "description": ""
  },
  "options": {
    "draftAndPublish": true
  },
  "attributes": {
    "contentDocumentId": {
      "type": "string",
      "required": true
    },
    "linkedEntityId": {
      "type": "string",
      "required": true
    }
  }
}
