{
  "kind": "collectionType",
  "collectionName": "sales_users",
  "info": {
    "singularName": "sales-user",
    "pluralName": "sales-users",
    "displayName": "Sales User"
  },
  "options": {
    "draftAndPublish": true
  },
  "attributes": {
    "salesUserCode": {
      "type": "customField",
      "customField": "plugin::strapi-advanced-uuid.uuid"
    },
    "name": {
      "type": "string"
    },
    "mobileNumber": {
      "type": "string"
    },
    "salesUserId": {
      "type": "string"
    }
  }
}
