{
  "kind": "collectionType",
  "collectionName": "lead_products",
  "info": {
    "singularName": "lead-product",
    "pluralName": "lead-products",
    "displayName": "Lead Products",
    "description": ""
  },
  "options": {
    "draftAndPublish": true
  },
  "pluginOptions": {},
  "attributes": {
    "leadProductCode": {
      "type": "customField",
      "customField": "plugin::strapi-advanced-uuid.uuid"
    },
    "leadCode": {
      "type": "string",
      "required": true
    },
    "leadId": {
      "type": "string"
    },
    "productSKU": {
      "type": "string"
    },
    "categoryId": {
      "type": "string"
    },
    "subCategoryId": {
      "type": "string"
    },
    "pricePerSKU": {
      "type": "integer"
    },
    "quantity": {
      "type": "integer"
    },
    "soldProduct": {
      "type": "boolean",
      "default": false
    },
    "totalPricePerSKU": {
      "type": "decimal"
    }
  }
}
